{"File": {"name": "", "imports": [], "declarations": [{"Struct": {"name": "ex1", "fields": [{"Field": {"name": "A", "type": "u8", "sizeof": "", "sizeInBits": "", "len": "", "constraints": []}}, {"Field": {"name": "B", "type": "ex1_substruct", "sizeof": "", "sizeInBits": "", "len": "", "constraints": []}}, {"Field": {"name": "C", "type": "bool", "sizeof": "", "sizeInBits": "", "len": "", "constraints": []}}], "constraints": []}}, {"Struct": {"name": "ex1_substruct", "fields": [{"Field": {"name": "name", "type": {"ArrayType": {"type": "char_", "size": {"IntLiteral": {"value": "13", "hexvalue": ""}}}}, "sizeof": "", "sizeInBits": "", "len": "", "constraints": []}}, {"Field": {"name": "cell", "type": "i32", "sizeof": "", "sizeInBits": "", "len": "", "constraints": []}}], "constraints": []}}]}}