{"File": {"name": "", "imports": [], "declarations": [{"Struct": {"name": "ex3", "fields": [{"Field": {"name": "versionID", "type": "u8", "sizeof": "", "sizeInBits": "", "len": "", "constraints": []}}, {"Field": {"name": "versions", "type": {"UnionType": {"members": [{"UnionMember": {"type": "ex3_substruct_1", "expr": {"LessThanExpression": {"left": "versionID", "right": {"IntLiteral": {"value": "14", "hexvalue": ""}}}}}}, {"UnionMember": {"type": "ex3_substruct_2", "expr": {"GreaterThanOrEqualToExpression": {"left": "versionID", "right": {"IntLiteral": {"value": "14", "hexvalue": ""}}}}}}]}}, "sizeof": "", "sizeInBits": "", "len": "", "constraints": []}}], "constraints": []}}, {"Struct": {"name": "ex3_substruct_1", "fields": [{"Field": {"name": "A", "type": "i32", "sizeof": "", "sizeInBits": "", "len": "", "constraints": []}}, {"Field": {"name": "B", "type": "u16", "sizeof": "", "sizeInBits": "", "len": "", "constraints": []}}], "constraints": []}}, {"Struct": {"name": "ex3_substruct_2", "fields": [{"Field": {"name": "Vec", "type": {"ArrayType": {"type": "char_", "size": {"IntLiteral": {"value": "13", "hexvalue": ""}}}}, "sizeof": "", "sizeInBits": "", "len": "", "constraints": []}}], "constraints": []}}]}}