{"File": {"name": "", "imports": [], "declarations": [{"Struct": {"name": "ex4", "fields": [{"Field": {"name": "len_", "type": "u16", "sizeof": "", "sizeInBits": "", "len": "", "constraints": []}}, {"Field": {"name": "A", "type": "ex4_substruct_1", "sizeof": "", "sizeInBits": "", "len": "", "constraints": []}}, {"Field": {"name": "B", "type": {"ArrayType": {"type": "char_", "size": {"MultipcationExpression": {"left": {"AccessExpression": {"left": "A", "right": "len_"}}, "right": "len_"}}}}, "sizeof": "", "sizeInBits": "", "len": "", "constraints": []}}, {"Field": {"name": "C", "type": {"ArrayType": {"type": "i32", "size": {"ArraySubscripting": {"base": {"AccessExpression": {"left": "A", "right": "elts"}}, "index": {"IntLiteral": {"value": "0", "hexvalue": ""}}}}}}, "sizeof": "", "sizeInBits": "", "len": "", "constraints": []}}], "constraints": []}}, {"Struct": {"name": "ex4_substruct_1", "fields": [{"Field": {"name": "len_", "type": "u16", "sizeof": "", "sizeInBits": "", "len": "", "constraints": []}}, {"Field": {"name": "elts", "type": {"ArrayType": {"type": "u16", "size": "len_"}}, "sizeof": "", "sizeInBits": "", "len": "", "constraints": []}}], "constraints": []}}]}}