{"File": {"name": "", "imports": [], "declarations": [{"Struct": {"name": "u8", "fields": [{"Field": {"name": "value", "type": {"PrimitiveTypes": {"type": "int"}}, "sizeof": {"IntLiteral": {"value": "1", "hexvalue": ""}}, "sizeInBits": "", "len": "", "constraints": []}}], "constraints": []}}, {"Struct": {"name": "char_", "fields": [{"Field": {"name": "value", "type": {"PrimitiveTypes": {"type": "string"}}, "sizeof": {"IntLiteral": {"value": "1", "hexvalue": ""}}, "sizeInBits": "", "len": "", "constraints": []}}], "constraints": []}}, {"Struct": {"name": "bool", "fields": [{"Field": {"name": "value", "type": {"PrimitiveTypes": {"type": "int"}}, "sizeof": "", "sizeInBits": {"IntLiteral": {"value": "1", "hexvalue": ""}}, "len": "", "constraints": []}}], "constraints": []}}, {"Struct": {"name": "u16", "fields": [{"Field": {"name": "value", "type": {"PrimitiveTypes": {"type": "int"}}, "sizeof": {"IntLiteral": {"value": "2", "hexvalue": ""}}, "sizeInBits": "", "len": "", "constraints": []}}], "constraints": []}}, {"Struct": {"name": "i32", "fields": [{"Field": {"name": "value", "type": {"PrimitiveTypes": {"type": "int"}}, "sizeof": {"IntLiteral": {"value": "4", "hexvalue": ""}}, "sizeInBits": "", "len": "", "constraints": []}}], "constraints": []}}]}}